{
  "hash": "4e6dd1e5",
  "configHash": "fc7cfb48",
  "lockfileHash": "4e3c0896",
  "browserHash": "88b96a5e",
  "optimized": {
    "@angular/common": {
      "src": "../../../../../../node_modules/@angular/common/fesm2022/common.mjs",
      "file": "@angular_common.js",
      "fileHash": "3782fa6b",
      "needsInterop": false
    },
    "@angular/core": {
      "src": "../../../../../../node_modules/@angular/core/fesm2022/core.mjs",
      "file": "@angular_core.js",
      "fileHash": "142beebb",
      "needsInterop": false
    },
    "@angular/forms": {
      "src": "../../../../../../node_modules/@angular/forms/fesm2022/forms.mjs",
      "file": "@angular_forms.js",
      "fileHash": "c41855d8",
      "needsInterop": false
    },
    "@angular/platform-browser": {
      "src": "../../../../../../node_modules/@angular/platform-browser/fesm2022/platform-browser.mjs",
      "file": "@angular_platform-browser.js",
      "fileHash": "f2db5953",
      "needsInterop": false
    }
  },
  "chunks": {
    "chunk-P6EAF2NJ": {
      "file": "chunk-P6EAF2NJ.js"
    },
    "chunk-Q4XHKFCW": {
      "file": "chunk-Q4XHKFCW.js"
    }
  }
}